{
    "gyro_offset": {
        "x": 81.08458015267175,
        "y": -2.5528854961832037,
        "z": -0.8867175572519088
    },
    "accel_offset": {
        "x": 0.28256640625,
        "y": -0.137744140625,
        "z": -4.906716796875
    }
}