{
    "gyro_offset": {
        "x": 88.79575572519087,
        "y": -1.7421068702290086,
        "z": -1.0330687022900764
    },
    "accel_offset": {
        "x": 0.155052734375,
        "y": -0.000576171875,
        "z": -5.08123828125
    }
}